file_name,bag_of_words,folder_name
18320959_3.html,127.0,Balance Sheets
18391125_2.html,144.0,Balance Sheets
18442877_5.html,118.0,Balance Sheets
18445487_2.html,122.0,Balance Sheets
18445494_3.html,95.0,Balance Sheets
18448274_5.html,146.0,Balance Sheets
18448275_3.html,167.0,Balance Sheets
18448275_9.html,181.0,Balance Sheets
18456477_2.html,137.0,Balance Sheets
18456478_2.html,110.0,Balance Sheets
18456478_4.html,127.0,Balance Sheets
18460640_10.html,154.0,Balance Sheets
18460640_5.html,175.0,Balance Sheets
18460658_19.html,34.0,Balance Sheets
18460658_2.html,141.0,Balance Sheets
18460658_21.html,34.0,Balance Sheets
18460658_56.html,153.0,Balance Sheets
18460658_7.html,124.0,Balance Sheets
18470879_5.html,132.0,Balance Sheets
18475343_10.html,173.0,Balance Sheets
18475343_2.html,141.0,Balance Sheets
18475346_3.html,157.0,Balance Sheets
18475346_4.html,116.0,Balance Sheets
18475349_4.html,130.0,Balance Sheets
18475351_3.html,113.0,Balance Sheets
18492988_3.html,154.0,Balance Sheets
18492988_9.html,129.0,Balance Sheets
18492995_5.html,71.0,Balance Sheets
18492995_8.html,125.0,Balance Sheets
18506923_4.html,176.0,Balance Sheets
18506937_3.html,26.0,Balance Sheets
18506937_6.html,36.0,Balance Sheets
18512677_2.html,79.0,Balance Sheets
18512677_5.html,120.0,Balance Sheets
18526534_10.html,154.0,Balance Sheets
18526534_7.html,148.0,Balance Sheets
18537020_12.html,127.0,Balance Sheets
18537020_8.html,109.0,Balance Sheets
18540974_2.html,97.0,Balance Sheets
18540974_4.html,104.0,Balance Sheets
18540991_2.html,115.0,Balance Sheets
18540991_7.html,123.0,Balance Sheets
18541007_2.html,121.0,Balance Sheets
18543527_5.html,133.0,Balance Sheets
18551751_4.html,109.0,Balance Sheets
18551751_7.html,127.0,Balance Sheets
18563939_16.html,51.0,Balance Sheets
18563939_2.html,90.0,Balance Sheets
18563939_25.html,36.0,Balance Sheets
18567415_2.html,122.0,Balance Sheets
18567418_2.html,119.0,Balance Sheets
18567418_6.html,119.0,Balance Sheets
18567421_4.html,132.0,Balance Sheets
18567441_2.html,142.0,Balance Sheets
18567441_5.html,134.0,Balance Sheets
18582935_3.html,96.0,Balance Sheets
18582946_4.html,210.0,Balance Sheets
18582949_3.html,66.0,Balance Sheets
18582961_5.html,130.0,Balance Sheets
18582961_9.html,107.0,Balance Sheets
18583089_5.html,82.0,Balance Sheets
18583089_6.html,71.0,Balance Sheets
18586111_10.html,67.0,Balance Sheets
18586124_4.html,142.0,Balance Sheets
18589606_3.html,110.0,Balance Sheets
18599581_3.html,127.0,Balance Sheets
18601660_4.html,92.0,Balance Sheets
18601660_6.html,93.0,Balance Sheets
18617139_3.html,122.0,Balance Sheets
18628294_4.html,108.0,Balance Sheets
18628294_5.html,24.0,Balance Sheets
18628308_3.html,170.0,Balance Sheets
18628415_5.html,87.0,Balance Sheets
18628415_7.html,105.0,Balance Sheets
18646808_13.html,154.0,Balance Sheets
18646808_5.html,161.0,Balance Sheets
18646812_2.html,108.0,Balance Sheets
18646812_5.html,104.0,Balance Sheets
18646816_2.html,122.0,Balance Sheets
18646816_7.html,142.0,Balance Sheets
18646822_16.html,161.0,Balance Sheets
18646822_7.html,148.0,Balance Sheets
18646824_5.html,133.0,Balance Sheets
18646833_4.html,23.0,Balance Sheets
18648845_5.html,121.0,Balance Sheets
18666982_11.html,84.0,Balance Sheets
18666982_12.html,82.0,Balance Sheets
18666982_4.html,80.0,Balance Sheets
18666982_5.html,54.0,Balance Sheets
18666988_4.html,139.0,Balance Sheets
18666988_7.html,120.0,Balance Sheets
18666996_3.html,148.0,Balance Sheets
18667015_4.html,120.0,Balance Sheets
18667018_2.html,135.0,Balance Sheets
18667050_2.html,120.0,Balance Sheets
18667050_5.html,137.0,Balance Sheets
18667554_2.html,68.0,Balance Sheets
18667554_3.html,85.0,Balance Sheets
18667554_8.html,67.0,Balance Sheets
18667554_9.html,86.0,Balance Sheets
18671329_6.html,98.0,Balance Sheets
18671329_7.html,63.0,Balance Sheets
18676827_12.html,149.0,Balance Sheets
18676827_6.html,124.0,Balance Sheets
18679712_3.html,135.0,Balance Sheets
18679715_2.html,129.0,Balance Sheets
18679721_3.html,101.0,Balance Sheets
18679721_8.html,147.0,Balance Sheets
18679748_3.html,66.0,Balance Sheets
18679748_4.html,105.0,Balance Sheets
18679748_7.html,62.0,Balance Sheets
18679748_8.html,56.0,Balance Sheets
18683488_3.html,104.0,Balance Sheets
18683488_5.html,143.0,Balance Sheets
18683489_4.html,111.0,Balance Sheets
18695080_3.html,70.0,Balance Sheets
18708949_2.html,101.0,Balance Sheets
18720820_2.html,122.0,Balance Sheets
18721603_2.html,120.0,Balance Sheets
18722999_4.html,147.0,Balance Sheets
18723324_6.html,142.0,Balance Sheets
18723339_10.html,114.0,Balance Sheets
18723339_6.html,110.0,Balance Sheets
18723515_3.html,124.0,Balance Sheets
18732938_2.html,141.0,Balance Sheets
18733007_2.html,153.0,Balance Sheets
18733007_6.html,134.0,Balance Sheets
18756043_4.html,116.0,Balance Sheets
18756046_3.html,152.0,Balance Sheets
18756059_3.html,70.0,Balance Sheets
18756059_4.html,56.0,Balance Sheets
18756063_2.html,106.0,Balance Sheets
18756063_4.html,122.0,Balance Sheets
18756086_4.html,126.0,Balance Sheets
18759700_4.html,184.0,Balance Sheets
18759708_4.html,136.0,Balance Sheets
18759714_5.html,103.0,Balance Sheets
18759714_6.html,115.0,Balance Sheets
18759747_3.html,149.0,Balance Sheets
18759755_3.html,141.0,Balance Sheets
18759755_8.html,163.0,Balance Sheets
18761691_2.html,167.0,Balance Sheets
18761691_5.html,138.0,Balance Sheets
18776679_4.html,143.0,Balance Sheets
18776682_3.html,117.0,Balance Sheets
18776682_32.html,15.0,Balance Sheets
18779187_11.html,110.0,Balance Sheets
18779187_6.html,112.0,Balance Sheets
18779229_2.html,105.0,Balance Sheets
18779229_4.html,126.0,Balance Sheets
18779237_2.html,127.0,Balance Sheets
18794437_2.html,153.0,Balance Sheets
18803361_2.html,121.0,Balance Sheets
18807973_3.html,117.0,Balance Sheets
18808741_3.html,122.0,Balance Sheets
18821430_4.html,77.0,Balance Sheets
18821430_8.html,77.0,Balance Sheets
18821436_2.html,87.0,Balance Sheets
18825353_3.html,130.0,Balance Sheets
18825353_8.html,152.0,Balance Sheets
18825389_3.html,134.0,Balance Sheets
18836203_22.html,117.0,Balance Sheets
18836204_3.html,104.0,Balance Sheets
18836207_3.html,150.0,Balance Sheets
18836225_2.html,131.0,Balance Sheets
18836225_4.html,132.0,Balance Sheets
18837437_3.html,100.0,Balance Sheets
18837437_5.html,117.0,Balance Sheets
18837492_3.html,109.0,Balance Sheets
18837492_5.html,112.0,Balance Sheets
18837503_2.html,123.0,Balance Sheets
18837503_6.html,144.0,Balance Sheets
18841706_13.html,161.0,Balance Sheets
18841706_6.html,135.0,Balance Sheets
18849907_4.html,130.0,Balance Sheets
18849910_4.html,140.0,Balance Sheets
18849910_7.html,202.0,Balance Sheets
18849919_2.html,134.0,Balance Sheets
18849925_2.html,95.0,Balance Sheets
18849925_3.html,86.0,Balance Sheets
18853005_12.html,105.0,Balance Sheets
18853005_8.html,127.0,Balance Sheets
18853011_3.html,116.0,Balance Sheets
18853015_2.html,182.0,Balance Sheets
18853017_2.html,154.0,Balance Sheets
18853053_2.html,147.0,Balance Sheets
18853061_2.html,135.0,Balance Sheets
18853062_3.html,161.0,Balance Sheets
18853062_7.html,129.0,Balance Sheets
18853095_11.html,134.0,Balance Sheets
18853095_8.html,163.0,Balance Sheets
18856919_2.html,105.0,Balance Sheets
18865129_3.html,101.0,Balance Sheets
18868707_3.html,135.0,Balance Sheets
18870963_3.html,106.0,Balance Sheets
18880732_5.html,119.0,Balance Sheets
18880871_3.html,128.0,Balance Sheets
18880930_9.html,152.0,Balance Sheets
18880984_4.html,130.0,Balance Sheets
18880984_7.html,116.0,Balance Sheets
18881095_2.html,115.0,Balance Sheets
18882293_3.html,115.0,Balance Sheets
18889326_2.html,133.0,Balance Sheets
18889326_5.html,130.0,Balance Sheets
18889332_4.html,138.0,Balance Sheets
18889340_3.html,71.0,Balance Sheets
18889392_2.html,131.0,Balance Sheets
18889392_4.html,141.0,Balance Sheets
18889406_10.html,48.0,Balance Sheets
18889406_11.html,90.0,Balance Sheets
18889406_12.html,11.0,Balance Sheets
18889406_3.html,82.0,Balance Sheets
18889406_4.html,57.0,Balance Sheets
18889450_5.html,155.0,Balance Sheets
18889483_2.html,37.0,Balance Sheets
18889483_3.html,85.0,Balance Sheets
18889483_5.html,37.0,Balance Sheets
18889483_6.html,89.0,Balance Sheets
18889483_8.html,36.0,Balance Sheets
18889483_9.html,90.0,Balance Sheets
18889510_5.html,95.0,Balance Sheets
18889522_3.html,166.0,Balance Sheets
18889570_7.html,134.0,Balance Sheets
18902087_2.html,121.0,Balance Sheets
18902087_6.html,120.0,Balance Sheets
18914978_10.html,126.0,Balance Sheets
18914978_5.html,126.0,Balance Sheets
18917236_4.html,108.0,Balance Sheets
18917236_6.html,127.0,Balance Sheets
18917281_4.html,183.0,Balance Sheets
18917547_7.html,131.0,Balance Sheets
18917547_8.html,152.0,Balance Sheets
18924813_3.html,149.0,Balance Sheets
18926895_5.html,72.0,Balance Sheets
18926895_6.html,67.0,Balance Sheets
18929978_2.html,197.0,Balance Sheets
18929978_95.html,136.0,Balance Sheets
18931924_10.html,72.0,Balance Sheets
18931924_11.html,29.0,Balance Sheets
18931924_2.html,108.0,Balance Sheets
18932027_4.html,148.0,Balance Sheets
18932075_4.html,84.0,Balance Sheets
18932077_2.html,121.0,Balance Sheets
18932217_7.html,135.0,Balance Sheets
18932246_2.html,146.0,Balance Sheets
18932321_2.html,134.0,Balance Sheets
18944587_4.html,117.0,Balance Sheets
18944710_4.html,107.0,Balance Sheets
18944710_8.html,124.0,Balance Sheets
18949758_2.html,148.0,Balance Sheets
18949908_5.html,142.0,Balance Sheets
18949961_3.html,107.0,Balance Sheets
18949961_6.html,84.0,Balance Sheets
18949961_7.html,37.0,Balance Sheets
18950001_2.html,109.0,Balance Sheets
18950001_4.html,1.0,Balance Sheets
18950043_3.html,141.0,Balance Sheets
18950248_3.html,146.0,Balance Sheets
18950248_9.html,129.0,Balance Sheets
18950392_3.html,154.0,Balance Sheets
18950392_9.html,113.0,Balance Sheets
18950422_6.html,134.0,Balance Sheets
18950649_2.html,107.0,Balance Sheets
18950690_8.html,169.0,Balance Sheets
18950951_2.html,102.0,Balance Sheets
18964857_12.html,152.0,Balance Sheets
18964857_3.html,127.0,Balance Sheets
18964858_3.html,129.0,Balance Sheets
19213523_2.html,66.0,Balance Sheets
19213523_3.html,59.0,Balance Sheets
18460658_57.html,284.0,Cash Flow
18563939_11.html,178.0,Cash Flow
18563939_13.html,152.0,Cash Flow
18563939_14.html,15.0,Cash Flow
18599651_table_100.html,235.0,Cash Flow
18599651_table_161.html,233.0,Cash Flow
18600361_table_65.html,132.0,Cash Flow
18612942_table_29.html,97.0,Cash Flow
18630219_table_52.html,53.0,Cash Flow
18630222_table_135.html,140.0,Cash Flow
18630222_table_137.html,81.0,Cash Flow
18630222_table_73.html,81.0,Cash Flow
18646837_table_63.html,144.0,Cash Flow
18646837_table_64.html,67.0,Cash Flow
18646845_table_52.html,248.0,Cash Flow
18646845_table_53.html,64.0,Cash Flow
18661963_table_36.html,135.0,Cash Flow
18661964_table_39.html,182.0,Cash Flow
18661965_table_39.html,179.0,Cash Flow
18699662_table_26.html,104.0,Cash Flow
18731570_table_44.html,151.0,Cash Flow
18731570_table_45.html,74.0,Cash Flow
18731570_table_94.html,152.0,Cash Flow
18731571_table_52.html,161.0,Cash Flow
18731571_table_53.html,70.0,Cash Flow
18779279_table_166.html,156.0,Cash Flow
18779279_table_167.html,90.0,Cash Flow
18779279_table_293.html,97.0,Cash Flow
18888243_table_154.html,159.0,Cash Flow
19058355_table_139.html,103.0,Cash Flow
19058356_table_173.html,182.0,Cash Flow
19058356_table_174.html,62.0,Cash Flow
19058356_table_61.html,82.0,Cash Flow
19070958_table_167.html,296.0,Cash Flow
19073396_table_216.html,148.0,Cash Flow
19442329_table_127.html,224.0,Cash Flow
18599651_table_105.html,61.0,Notes
18599651_table_107.html,57.0,Notes
18599651_table_108.html,39.0,Notes
18599651_table_109.html,8.0,Notes
18599651_table_110.html,23.0,Notes
18599651_table_111.html,19.0,Notes
18599651_table_112.html,18.0,Notes
18599651_table_113.html,27.0,Notes
18599651_table_114.html,20.0,Notes
18599651_table_115.html,34.0,Notes
18599651_table_118.html,17.0,Notes
18599651_table_121.html,32.0,Notes
18599651_table_122.html,16.0,Notes
18599651_table_123.html,33.0,Notes
18599651_table_124.html,1.0,Notes
18599651_table_125.html,12.0,Notes
18599651_table_126.html,60.0,Notes
18599651_table_127.html,86.0,Notes
18599651_table_128.html,39.0,Notes
18599651_table_133.html,1.0,Notes
18599651_table_134.html,57.0,Notes
18599651_table_136.html,9.0,Notes
18599651_table_137.html,60.0,Notes
18599651_table_139.html,8.0,Notes
18599651_table_140.html,4.0,Notes
18599651_table_141.html,39.0,Notes
18599651_table_142.html,9.0,Notes
18599651_table_143.html,18.0,Notes
18599651_table_145.html,51.0,Notes
18599651_table_146.html,6.0,Notes
18599651_table_147.html,6.0,Notes
18599651_table_148.html,6.0,Notes
18599651_table_149.html,30.0,Notes
18599651_table_150.html,30.0,Notes
18599651_table_165.html,12.0,Notes
18599651_table_166.html,12.0,Notes
18599651_table_167.html,44.0,Notes
18599651_table_168.html,28.0,Notes
18599651_table_169.html,110.0,Notes
18599651_table_170.html,17.0,Notes
18599651_table_171.html,16.0,Notes
18599651_table_172.html,68.0,Notes
18599651_table_173.html,46.0,Notes
18599651_table_174.html,92.0,Notes
18599651_table_176.html,27.0,Notes
18599651_table_177.html,65.0,Notes
18599651_table_178.html,90.0,Notes
18599651_table_179.html,115.0,Notes
18599651_table_180.html,23.0,Notes
18599651_table_181.html,76.0,Notes
18599651_table_182.html,39.0,Notes
18599651_table_183.html,10.0,Notes
18599651_table_184.html,10.0,Notes
18599651_table_185.html,45.0,Notes
18599651_table_187.html,15.0,Notes
18599651_table_188.html,50.0,Notes
18599651_table_191.html,36.0,Notes
18599651_table_192.html,16.0,Notes
18599651_table_193.html,5.0,Notes
18599651_table_194.html,21.0,Notes
18599651_table_200.html,7.0,Notes
18599651_table_201.html,1.0,Notes
18599651_table_204.html,27.0,Notes
18600361_table_39.html,16.0,Notes
18600361_table_40.html,13.0,Notes
18600361_table_41.html,31.0,Notes
18600361_table_42.html,6.0,Notes
18600361_table_43.html,24.0,Notes
18600361_table_44.html,17.0,Notes
18600361_table_45.html,17.0,Notes
18600361_table_47.html,34.0,Notes
18600361_table_48.html,36.0,Notes
18600361_table_49.html,29.0,Notes
18600361_table_50.html,10.0,Notes
18600361_table_51.html,34.0,Notes
18600361_table_52.html,22.0,Notes
18600361_table_53.html,13.0,Notes
18600361_table_54.html,11.0,Notes
18600361_table_55.html,42.0,Notes
18600361_table_56.html,20.0,Notes
18600361_table_57.html,,Notes
18600361_table_58.html,12.0,Notes
18600361_table_59.html,89.0,Notes
18600361_table_60.html,94.0,Notes
18600361_table_63.html,4.0,Notes
18600361_table_64.html,9.0,Notes
18612942_table_13.html,40.0,Notes
18612942_table_15.html,2.0,Notes
18612942_table_18.html,48.0,Notes
18612942_table_19.html,32.0,Notes
18612942_table_20.html,17.0,Notes
18612942_table_33.html,72.0,Notes
18612942_table_34.html,23.0,Notes
18612942_table_35.html,2.0,Notes
18612942_table_37.html,7.0,Notes
18612942_table_38.html,6.0,Notes
18612942_table_40.html,11.0,Notes
18612942_table_41.html,1.0,Notes
18612942_table_42.html,22.0,Notes
18612942_table_43.html,3.0,Notes
18612942_table_44.html,1.0,Notes
18612942_table_45.html,3.0,Notes
18612942_table_46.html,5.0,Notes
18612942_table_47.html,28.0,Notes
18612942_table_48.html,28.0,Notes
18612942_table_49.html,9.0,Notes
18612942_table_50.html,45.0,Notes
18612942_table_51.html,15.0,Notes
18612942_table_52.html,23.0,Notes
18612942_table_53.html,5.0,Notes
18612942_table_54.html,22.0,Notes
18612942_table_55.html,,Notes
18612942_table_56.html,27.0,Notes
18612942_table_57.html,25.0,Notes
18612942_table_58.html,19.0,Notes
18612942_table_59.html,27.0,Notes
18612942_table_60.html,,Notes
18612942_table_62.html,34.0,Notes
18612942_table_63.html,23.0,Notes
18612942_table_64.html,27.0,Notes
18612942_table_65.html,43.0,Notes
18612942_table_67.html,20.0,Notes
18612942_table_68.html,9.0,Notes
18630219_table_35.html,10.0,Notes
18630219_table_36.html,48.0,Notes
18630219_table_37.html,20.0,Notes
18630219_table_38.html,3.0,Notes
18630219_table_41.html,9.0,Notes
18630219_table_44.html,10.0,Notes
18630219_table_45.html,109.0,Notes
18630219_table_46.html,41.0,Notes
18630219_table_49.html,52.0,Notes
18630219_table_58.html,51.0,Notes
18630219_table_70.html,4.0,Notes
18630219_table_71.html,3.0,Notes
18630219_table_72.html,63.0,Notes
18630219_table_73.html,11.0,Notes
18630219_table_75.html,22.0,Notes
18630219_table_76.html,1.0,Notes
18630219_table_77.html,13.0,Notes
18630222_table_116.html,1.0,Notes
18630222_table_120.html,2.0,Notes
18630222_table_121.html,48.0,Notes
18630222_table_138.html,1.0,Notes
18630222_table_139.html,28.0,Notes
18630222_table_140.html,14.0,Notes
18630222_table_141.html,2.0,Notes
18630222_table_143.html,13.0,Notes
18630222_table_144.html,20.0,Notes
18630222_table_145.html,57.0,Notes
18630222_table_146.html,68.0,Notes
18630222_table_147.html,25.0,Notes
18630222_table_148.html,29.0,Notes
18630222_table_149.html,53.0,Notes
18630222_table_150.html,23.0,Notes
18630222_table_151.html,45.0,Notes
18630222_table_153.html,5.0,Notes
18630222_table_154.html,12.0,Notes
18630222_table_155.html,32.0,Notes
18630222_table_156.html,22.0,Notes
18630222_table_158.html,43.0,Notes
18630222_table_159.html,21.0,Notes
18630222_table_160.html,21.0,Notes
18630222_table_161.html,61.0,Notes
18630222_table_162.html,105.0,Notes
18630222_table_163.html,26.0,Notes
18630222_table_165.html,80.0,Notes
18630222_table_183.html,2.0,Notes
18630222_table_192.html,45.0,Notes
18630222_table_195.html,12.0,Notes
18630222_table_76.html,22.0,Notes
18630222_table_77.html,27.0,Notes
18630222_table_78.html,2.0,Notes
18630222_table_79.html,8.0,Notes
18630222_table_80.html,8.0,Notes
18630222_table_81.html,41.0,Notes
18630222_table_82.html,51.0,Notes
18630222_table_83.html,29.0,Notes
18630222_table_84.html,40.0,Notes
18630222_table_85.html,56.0,Notes
18630222_table_86.html,39.0,Notes
18630222_table_87.html,23.0,Notes
18630222_table_88.html,39.0,Notes
18630222_table_89.html,12.0,Notes
18630222_table_92.html,24.0,Notes
18630222_table_94.html,49.0,Notes
18630222_table_95.html,22.0,Notes
18630222_table_96.html,12.0,Notes
18630222_table_97.html,30.0,Notes
18630222_table_99.html,76.0,Notes
18646837_table_108.html,60.0,Notes
18646837_table_109.html,25.0,Notes
18646837_table_110.html,31.0,Notes
18646837_table_111.html,33.0,Notes
18646837_table_119.html,23.0,Notes
18646837_table_120.html,3.0,Notes
18646837_table_123.html,35.0,Notes
18646837_table_124.html,44.0,Notes
18646837_table_125.html,8.0,Notes
18646837_table_126.html,11.0,Notes
18646837_table_127.html,10.0,Notes
18646837_table_128.html,10.0,Notes
18646837_table_129.html,10.0,Notes
18646837_table_130.html,15.0,Notes
18646837_table_131.html,15.0,Notes
18646837_table_132.html,15.0,Notes
18646837_table_134.html,2.0,Notes
18646837_table_71.html,48.0,Notes
18646837_table_72.html,8.0,Notes
18646837_table_73.html,64.0,Notes
18646837_table_74.html,12.0,Notes
18646837_table_75.html,3.0,Notes
18646837_table_76.html,39.0,Notes
18646837_table_77.html,48.0,Notes
18646837_table_78.html,21.0,Notes
18646837_table_79.html,12.0,Notes
18646837_table_80.html,19.0,Notes
18646837_table_81.html,28.0,Notes
18646837_table_82.html,59.0,Notes
18646837_table_83.html,3.0,Notes
18646837_table_84.html,31.0,Notes
18646837_table_85.html,7.0,Notes
18646837_table_86.html,13.0,Notes
18646837_table_87.html,7.0,Notes
18646837_table_88.html,21.0,Notes
18646837_table_89.html,35.0,Notes
18646837_table_90.html,44.0,Notes
18646837_table_91.html,87.0,Notes
18646837_table_92.html,67.0,Notes
18646837_table_93.html,24.0,Notes
18646837_table_94.html,37.0,Notes
18646837_table_95.html,27.0,Notes
18646837_table_97.html,25.0,Notes
18646845_table_101.html,33.0,Notes
18646845_table_103.html,43.0,Notes
18646845_table_111.html,43.0,Notes
18646845_table_112.html,88.0,Notes
18646845_table_118.html,46.0,Notes
18646845_table_119.html,27.0,Notes
18646845_table_120.html,27.0,Notes
18646845_table_121.html,27.0,Notes
18646845_table_122.html,83.0,Notes
18646845_table_123.html,98.0,Notes
18646845_table_128.html,30.0,Notes
18646845_table_55.html,21.0,Notes
18646845_table_56.html,16.0,Notes
18646845_table_57.html,16.0,Notes
18646845_table_58.html,19.0,Notes
18646845_table_59.html,22.0,Notes
18646845_table_60.html,6.0,Notes
18646845_table_61.html,58.0,Notes
18646845_table_62.html,36.0,Notes
18646845_table_63.html,24.0,Notes
18646845_table_64.html,34.0,Notes
18646845_table_66.html,24.0,Notes
18646845_table_67.html,11.0,Notes
18646845_table_69.html,17.0,Notes
18646845_table_70.html,28.0,Notes
18646845_table_71.html,15.0,Notes
18646845_table_72.html,18.0,Notes
18646845_table_73.html,29.0,Notes
18646845_table_74.html,11.0,Notes
18646845_table_77.html,34.0,Notes
18646845_table_79.html,21.0,Notes
18646845_table_80.html,61.0,Notes
18646845_table_81.html,43.0,Notes
18646845_table_82.html,13.0,Notes
18646845_table_84.html,17.0,Notes
18646845_table_85.html,115.0,Notes
18646845_table_86.html,28.0,Notes
18646845_table_87.html,123.0,Notes
18646845_table_89.html,28.0,Notes
18646845_table_91.html,63.0,Notes
18646845_table_93.html,,Notes
18646845_table_94.html,24.0,Notes
18646845_table_96.html,13.0,Notes
18646845_table_97.html,,Notes
18646845_table_98.html,32.0,Notes
18646845_table_99.html,85.0,Notes
18661963_table_23.html,38.0,Notes
18661963_table_24.html,22.0,Notes
18661963_table_25.html,11.0,Notes
18661963_table_26.html,27.0,Notes
18661963_table_27.html,20.0,Notes
18661963_table_28.html,37.0,Notes
18661963_table_29.html,71.0,Notes
18661963_table_30.html,65.0,Notes
18661963_table_31.html,42.0,Notes
18661963_table_32.html,90.0,Notes
18661963_table_35.html,11.0,Notes
18661964_table_40.html,94.0,Notes
18661964_table_41.html,38.0,Notes
18661964_table_42.html,89.0,Notes
18661964_table_43.html,96.0,Notes
18661965_table_40.html,94.0,Notes
18661965_table_41.html,38.0,Notes
18661965_table_42.html,76.0,Notes
18661965_table_43.html,1.0,Notes
18699662_table_27.html,5.0,Notes
18699662_table_32.html,9.0,Notes
18699662_table_33.html,14.0,Notes
18699662_table_34.html,9.0,Notes
18699662_table_35.html,23.0,Notes
18699662_table_37.html,21.0,Notes
18699662_table_41.html,18.0,Notes
18699662_table_46.html,7.0,Notes
18699662_table_47.html,11.0,Notes
18731570_table_101.html,2.0,Notes
18731570_table_102.html,164.0,Notes
18731570_table_48.html,11.0,Notes
18731570_table_49.html,22.0,Notes
18731570_table_50.html,97.0,Notes
18731570_table_51.html,146.0,Notes
18731570_table_52.html,4.0,Notes
18731570_table_53.html,4.0,Notes
18731570_table_55.html,70.0,Notes
18731570_table_57.html,26.0,Notes
18731570_table_59.html,1.0,Notes
18731570_table_71.html,42.0,Notes
18731570_table_72.html,17.0,Notes
18731570_table_73.html,25.0,Notes
18731570_table_85.html,1.0,Notes
18731570_table_86.html,5.0,Notes
18731570_table_87.html,20.0,Notes
18731570_table_88.html,26.0,Notes
18731571_table_58.html,8.0,Notes
18731571_table_64.html,12.0,Notes
18731571_table_78.html,62.0,Notes
18779279_table_118.html,1.0,Notes
18779279_table_148.html,39.0,Notes
18779279_table_176.html,15.0,Notes
18779279_table_178.html,35.0,Notes
18779279_table_186.html,24.0,Notes
18779279_table_218.html,47.0,Notes
18779279_table_263.html,15.0,Notes
18779279_table_68.html,26.0,Notes
18779279_table_79.html,13.0,Notes
18793893_table_43.html,27.0,Notes
18793893_table_50.html,9.0,Notes
18793893_table_57.html,5.0,Notes
18793893_table_61.html,32.0,Notes
18793893_table_64.html,7.0,Notes
18793893_table_66.html,56.0,Notes
18793893_table_72.html,9.0,Notes
18793893_table_92.html,30.0,Notes
18793895_table_120.html,8.0,Notes
18793895_table_121.html,7.0,Notes
18793895_table_123.html,37.0,Notes
18793895_table_130.html,8.0,Notes
18793895_table_137.html,35.0,Notes
18793895_table_147.html,11.0,Notes
18793895_table_148.html,4.0,Notes
18793895_table_182.html,14.0,Notes
18793895_table_184.html,17.0,Notes
18793895_table_204.html,35.0,Notes
18793895_table_209.html,62.0,Notes
18793895_table_210.html,134.0,Notes
18793895_table_212.html,38.0,Notes
18793895_table_214.html,3.0,Notes
18793895_table_240.html,31.0,Notes
18793895_table_241.html,53.0,Notes
18793895_table_242.html,17.0,Notes
18793895_table_270.html,28.0,Notes
18793895_table_272.html,15.0,Notes
18793895_table_349.html,28.0,Notes
18793895_table_350.html,17.0,Notes
18837500_table_45.html,12.0,Notes
18853952_table_39.html,37.0,Notes
18888243_table_127.html,2.0,Notes
18888243_table_128.html,45.0,Notes
18888243_table_129.html,13.0,Notes
18888243_table_130.html,6.0,Notes
18888243_table_131.html,2.0,Notes
18888243_table_133.html,27.0,Notes
18888243_table_134.html,20.0,Notes
18888243_table_135.html,6.0,Notes
18888243_table_136.html,32.0,Notes
18888243_table_139.html,10.0,Notes
18888243_table_140.html,37.0,Notes
18888243_table_143.html,41.0,Notes
18888243_table_145.html,9.0,Notes
18888243_table_148.html,66.0,Notes
18888243_table_152.html,7.0,Notes
18888243_table_75.html,6.0,Notes
18888243_table_76.html,54.0,Notes
18888243_table_77.html,12.0,Notes
18888243_table_79.html,2.0,Notes
18888243_table_80.html,7.0,Notes
18888243_table_81.html,27.0,Notes
18888243_table_84.html,32.0,Notes
18888243_table_86.html,27.0,Notes
18888243_table_87.html,7.0,Notes
18888243_table_88.html,37.0,Notes
18888243_table_91.html,41.0,Notes
18888243_table_93.html,6.0,Notes
18888243_table_95.html,58.0,Notes
18888243_table_96.html,34.0,Notes
18888243_table_98.html,31.0,Notes
18928156_table_94.html,26.0,Notes
18928156_table_95.html,16.0,Notes
18945373_table_30.html,53.0,Notes
18945375_table_17.html,3.0,Notes
18945375_table_95.html,62.0,Notes
18950920_table_101.html,29.0,Notes
18950920_table_102.html,17.0,Notes
18950920_table_103.html,24.0,Notes
18950920_table_104.html,54.0,Notes
18950920_table_109.html,92.0,Notes
18950920_table_110.html,25.0,Notes
18950920_table_121.html,30.0,Notes
18950920_table_127.html,28.0,Notes
18950920_table_146.html,18.0,Notes
18950920_table_148.html,94.0,Notes
18950920_table_160.html,19.0,Notes
18950920_table_161.html,24.0,Notes
18950920_table_162.html,20.0,Notes
18950920_table_163.html,7.0,Notes
18950920_table_170.html,18.0,Notes
18950920_table_172.html,37.0,Notes
18950920_table_173.html,23.0,Notes
18950920_table_177.html,96.0,Notes
18950920_table_180.html,29.0,Notes
18950920_table_181.html,50.0,Notes
18950920_table_184.html,17.0,Notes
18950920_table_185.html,24.0,Notes
18950920_table_186.html,9.0,Notes
18950920_table_187.html,74.0,Notes
18950920_table_188.html,32.0,Notes
18950920_table_191.html,110.0,Notes
18950920_table_192.html,37.0,Notes
18950920_table_202.html,29.0,Notes
18950920_table_38.html,2.0,Notes
18950920_table_78.html,80.0,Notes
18950920_table_79.html,56.0,Notes
18950920_table_81.html,23.0,Notes
18950920_table_82.html,16.0,Notes
18950920_table_83.html,2.0,Notes
18950920_table_95.html,23.0,Notes
18989756_table_36.html,5.0,Notes
18989758_table_101.html,40.0,Notes
18989758_table_103.html,23.0,Notes
18989758_table_125.html,18.0,Notes
18989758_table_127.html,112.0,Notes
18989758_table_144.html,61.0,Notes
18989758_table_145.html,40.0,Notes
18989758_table_193.html,21.0,Notes
18989758_table_194.html,34.0,Notes
18989758_table_198.html,14.0,Notes
18989758_table_201.html,22.0,Notes
18989758_table_213.html,46.0,Notes
18989758_table_216.html,29.0,Notes
18989758_table_222.html,20.0,Notes
18989758_table_223.html,89.0,Notes
18989758_table_239.html,35.0,Notes
18989758_table_245.html,103.0,Notes
18989758_table_247.html,26.0,Notes
18989758_table_262.html,55.0,Notes
18989758_table_263.html,40.0,Notes
18989758_table_71.html,22.0,Notes
18989758_table_80.html,106.0,Notes
18989758_table_84.html,41.0,Notes
18989758_table_85.html,23.0,Notes
18989758_table_86.html,14.0,Notes
18989758_table_87.html,16.0,Notes
18989758_table_95.html,112.0,Notes
19005595_table_102.html,24.0,Notes
19005595_table_109.html,75.0,Notes
19005595_table_110.html,125.0,Notes
19005595_table_112.html,51.0,Notes
19005595_table_127.html,8.0,Notes
19005595_table_130.html,48.0,Notes
19005595_table_135.html,8.0,Notes
19005595_table_138.html,83.0,Notes
19005595_table_168.html,10.0,Notes
19005595_table_182.html,2.0,Notes
19005595_table_205.html,144.0,Notes
19005595_table_206.html,61.0,Notes
19005595_table_207.html,9.0,Notes
19005595_table_211.html,4.0,Notes
19005595_table_214.html,4.0,Notes
19005595_table_215.html,21.0,Notes
19005595_table_223.html,61.0,Notes
19005595_table_226.html,14.0,Notes
19005595_table_236.html,87.0,Notes
19005595_table_237.html,100.0,Notes
19005595_table_241.html,103.0,Notes
19005595_table_242.html,122.0,Notes
19005595_table_298.html,21.0,Notes
19034589_table_45.html,17.0,Notes
19034589_table_46.html,6.0,Notes
19034589_table_47.html,17.0,Notes
19034589_table_48.html,12.0,Notes
19034589_table_50.html,9.0,Notes
19034589_table_52.html,21.0,Notes
19034589_table_53.html,2.0,Notes
19034589_table_54.html,6.0,Notes
19034589_table_55.html,,Notes
19034589_table_57.html,11.0,Notes
19034589_table_58.html,19.0,Notes
19034589_table_59.html,14.0,Notes
19034589_table_62.html,13.0,Notes
19034589_table_64.html,3.0,Notes
19034589_table_68.html,,Notes
19034589_table_77.html,80.0,Notes
19034589_table_84.html,69.0,Notes
19058354_table_38.html,3.0,Notes
19058354_table_44.html,2.0,Notes
19058354_table_46.html,2.0,Notes
19058354_table_47.html,28.0,Notes
19058354_table_48.html,2.0,Notes
19058354_table_49.html,58.0,Notes
19058354_table_50.html,2.0,Notes
19058354_table_54.html,21.0,Notes
19058354_table_56.html,2.0,Notes
19058354_table_57.html,23.0,Notes
19058354_table_58.html,21.0,Notes
19058354_table_59.html,25.0,Notes
19058354_table_60.html,4.0,Notes
19058354_table_65.html,40.0,Notes
19058354_table_66.html,5.0,Notes
19058354_table_67.html,71.0,Notes
19058354_table_70.html,40.0,Notes
19058355_table_102.html,23.0,Notes
19058355_table_103.html,61.0,Notes
19058355_table_142.html,21.0,Notes
19058355_table_155.html,16.0,Notes
19058355_table_157.html,24.0,Notes
19058355_table_158.html,61.0,Notes
19058355_table_161.html,30.0,Notes
19058356_table_100.html,7.0,Notes
19058356_table_106.html,32.0,Notes
19058356_table_109.html,41.0,Notes
19058356_table_110.html,23.0,Notes
19058356_table_111.html,7.0,Notes
19058356_table_177.html,29.0,Notes
19058356_table_189.html,31.0,Notes
19058356_table_190.html,27.0,Notes
19058356_table_191.html,27.0,Notes
19058356_table_200.html,22.0,Notes
19058356_table_203.html,66.0,Notes
19058356_table_205.html,15.0,Notes
19058356_table_207.html,38.0,Notes
19058356_table_214.html,14.0,Notes
19058356_table_255.html,15.0,Notes
19058356_table_65.html,22.0,Notes
19058356_table_71.html,19.0,Notes
19058356_table_79.html,30.0,Notes
19058356_table_80.html,29.0,Notes
19058356_table_84.html,14.0,Notes
19058356_table_85.html,24.0,Notes
19058356_table_88.html,35.0,Notes
19058356_table_93.html,59.0,Notes
19058356_table_97.html,,Notes
19058356_table_98.html,43.0,Notes
19070958_table_107.html,99.0,Notes
19070958_table_108.html,28.0,Notes
19070958_table_111.html,23.0,Notes
19070958_table_112.html,7.0,Notes
19070958_table_114.html,73.0,Notes
19070958_table_116.html,146.0,Notes
19070958_table_117.html,59.0,Notes
19070958_table_118.html,173.0,Notes
19070958_table_128.html,59.0,Notes
19070958_table_130.html,50.0,Notes
19070958_table_134.html,129.0,Notes
19070958_table_135.html,47.0,Notes
19070958_table_174.html,10.0,Notes
19070958_table_176.html,10.0,Notes
19070958_table_177.html,16.0,Notes
19070958_table_178.html,10.0,Notes
19070958_table_180.html,70.0,Notes
19070958_table_182.html,14.0,Notes
19070958_table_183.html,42.0,Notes
19070958_table_186.html,49.0,Notes
19070958_table_187.html,132.0,Notes
19070958_table_188.html,25.0,Notes
19070958_table_193.html,76.0,Notes
19070958_table_194.html,29.0,Notes
19070958_table_195.html,21.0,Notes
19070958_table_196.html,14.0,Notes
19070958_table_199.html,80.0,Notes
19070958_table_200.html,113.0,Notes
19070958_table_221.html,41.0,Notes
19070958_table_225.html,3.0,Notes
19070958_table_88.html,10.0,Notes
19070958_table_92.html,15.0,Notes
19070958_table_93.html,10.0,Notes
19070958_table_95.html,16.0,Notes
19070958_table_97.html,14.0,Notes
19070958_table_98.html,59.0,Notes
19070958_table_99.html,27.0,Notes
19073312_table_162.html,32.0,Notes
19073312_table_167.html,32.0,Notes
19073312_table_173.html,39.0,Notes
19073312_table_202.html,87.0,Notes
19073312_table_210.html,112.0,Notes
19073312_table_58.html,33.0,Notes
19073312_table_62.html,26.0,Notes
19073312_table_77.html,34.0,Notes
19073396_table_219.html,5.0,Notes
19073396_table_221.html,58.0,Notes
19073396_table_266.html,28.0,Notes
19073396_table_336.html,5.0,Notes
19073396_table_338.html,61.0,Notes
19073396_table_339.html,59.0,Notes
19083995_table_139.html,39.0,Notes
19083995_table_142.html,2.0,Notes
19083995_table_156.html,24.0,Notes
19083995_table_54.html,36.0,Notes
19083995_table_55.html,31.0,Notes
19083995_table_69.html,4.0,Notes
19119447_table_70.html,1.0,Notes
19119447_table_72.html,2.0,Notes
19119447_table_73.html,28.0,Notes
19119447_table_74.html,1.0,Notes
19119447_table_76.html,2.0,Notes
19119447_table_78.html,11.0,Notes
18445487_1.html,180.0,Income Statement
18445494_1.html,70.0,Income Statement
18445494_2.html,37.0,Income Statement
18448274_1.html,134.0,Income Statement
18448274_3.html,141.0,Income Statement
18448275_1.html,148.0,Income Statement
18448275_7.html,228.0,Income Statement
18456477_1.html,137.0,Income Statement
18456478_1.html,68.0,Income Statement
18456478_3.html,144.0,Income Statement
18460640_3.html,180.0,Income Statement
18460640_7.html,42.0,Income Statement
18460640_8.html,175.0,Income Statement
18460658_1.html,220.0,Income Statement
18460658_18.html,63.0,Income Statement
18460658_20.html,55.0,Income Statement
18460658_54.html,78.0,Income Statement
18460658_55.html,136.0,Income Statement
18460658_6.html,106.0,Income Statement
18460658_72.html,155.0,Income Statement
18460658_73.html,100.0,Income Statement
18460658_74.html,100.0,Income Statement
18460658_79.html,96.0,Income Statement
18470879_2.html,169.0,Income Statement
18475343_1.html,105.0,Income Statement
18475343_11.html,97.0,Income Statement
18475343_3.html,143.0,Income Statement
18475346_1.html,112.0,Income Statement
18475346_5.html,100.0,Income Statement
18475349_3.html,191.0,Income Statement
18475349_5.html,147.0,Income Statement
18475351_1.html,50.0,Income Statement
18475351_2.html,45.0,Income Statement
18492988_1.html,60.0,Income Statement
18492988_8.html,81.0,Income Statement
18492995_2.html,135.0,Income Statement
18492995_6.html,161.0,Income Statement
18506923_1.html,71.0,Income Statement
18506923_2.html,114.0,Income Statement
18506937_2.html,59.0,Income Statement
18506937_5.html,32.0,Income Statement
18512677_1.html,66.0,Income Statement
18512677_3.html,15.0,Income Statement
18512677_4.html,90.0,Income Statement
18526534_11.html,38.0,Income Statement
18526534_3.html,225.0,Income Statement
18526534_8.html,87.0,Income Statement
18537020_10.html,56.0,Income Statement
18537020_11.html,4.0,Income Statement
18537020_14.html,26.0,Income Statement
18537020_6.html,24.0,Income Statement
18540974_1.html,125.0,Income Statement
18540974_3.html,127.0,Income Statement
18540991_1.html,83.0,Income Statement
18541007_1.html,129.0,Income Statement
18543527_1.html,99.0,Income Statement
18551751_1.html,176.0,Income Statement
18551751_5.html,132.0,Income Statement
18563939_4.html,70.0,Income Statement
18567415_1.html,162.0,Income Statement
18567418_1.html,140.0,Income Statement
18567418_4.html,180.0,Income Statement
18567421_2.html,160.0,Income Statement
18567441_1.html,131.0,Income Statement
18567441_4.html,105.0,Income Statement
18582935_2.html,183.0,Income Statement
18582946_1.html,163.0,Income Statement
18582949_1.html,101.0,Income Statement
18582949_8.html,78.0,Income Statement
18582961_3.html,165.0,Income Statement
18582961_6.html,99.0,Income Statement
18583089_1.html,60.0,Income Statement
18586104_3.html,66.0,Income Statement
18586111_2.html,150.0,Income Statement
18586124_2.html,202.0,Income Statement
18589606_2.html,54.0,Income Statement
18589606_6.html,57.0,Income Statement
18599581_1.html,134.0,Income Statement
18599610_1.html,116.0,Income Statement
18599610_2.html,9.0,Income Statement
18600402_3.html,78.0,Income Statement
18600402_4.html,97.0,Income Statement
18601656_1.html,60.0,Income Statement
18601656_2.html,99.0,Income Statement
18601660_2.html,87.0,Income Statement
18601660_5.html,73.0,Income Statement
18617139_2.html,98.0,Income Statement
18617139_4.html,123.0,Income Statement
18617140_1.html,116.0,Income Statement
18617140_4.html,55.0,Income Statement
18619233_3.html,139.0,Income Statement
18628294_2.html,146.0,Income Statement
18628303_1.html,49.0,Income Statement
18628308_1.html,76.0,Income Statement
18628308_2.html,124.0,Income Statement
18628415_4.html,76.0,Income Statement
18628415_6.html,101.0,Income Statement
18631849_1.html,30.0,Income Statement
18631869_1.html,133.0,Income Statement
18646808_1.html,154.0,Income Statement
18646808_6.html,236.0,Income Statement
18646812_1.html,98.0,Income Statement
18646812_4.html,56.0,Income Statement
18646816_1.html,148.0,Income Statement
18646816_6.html,182.0,Income Statement
18646822_1.html,119.0,Income Statement
18646822_11.html,175.0,Income Statement
18646824_4.html,132.0,Income Statement
18646833_1.html,143.0,Income Statement
18646833_2.html,56.0,Income Statement
18648845_1.html,101.0,Income Statement
18648845_4.html,182.0,Income Statement
18666982_1.html,41.0,Income Statement
18666982_7.html,44.0,Income Statement
18666982_8.html,66.0,Income Statement
18666988_2.html,145.0,Income Statement
18666988_6.html,87.0,Income Statement
18666996_1.html,193.0,Income Statement
18666996_2.html,133.0,Income Statement
18667015_1.html,86.0,Income Statement
18667018_1.html,157.0,Income Statement
18667050_1.html,126.0,Income Statement
18667050_4.html,193.0,Income Statement
18667554_1.html,222.0,Income Statement
18667554_7.html,215.0,Income Statement
18671329_3.html,107.0,Income Statement
18671329_4.html,183.0,Income Statement
18676827_2.html,102.0,Income Statement
18676827_7.html,234.0,Income Statement
18679712_1.html,114.0,Income Statement
18679715_1.html,115.0,Income Statement
18679721_1.html,117.0,Income Statement
18679721_4.html,186.0,Income Statement
18679748_1.html,120.0,Income Statement
18679748_5.html,145.0,Income Statement
18683484_1.html,88.0,Income Statement
18683488_2.html,85.0,Income Statement
18683488_4.html,102.0,Income Statement
18683489_1.html,97.0,Income Statement
18695080_2.html,238.0,Income Statement
18720820_1.html,86.0,Income Statement
18721603_1.html,142.0,Income Statement
18722999_2.html,233.0,Income Statement
18723324_1.html,194.0,Income Statement
18723339_2.html,150.0,Income Statement
18723339_7.html,115.0,Income Statement
18723515_1.html,83.0,Income Statement
18732938_1.html,90.0,Income Statement
18733007_1.html,215.0,Income Statement
18733007_5.html,137.0,Income Statement
18756040_2.html,219.0,Income Statement
18756043_2.html,115.0,Income Statement
18756046_1.html,153.0,Income Statement
18756059_1.html,188.0,Income Statement
18756063_1.html,86.0,Income Statement
18756063_3.html,151.0,Income Statement
18756086_2.html,165.0,Income Statement
18759700_5.html,162.0,Income Statement
18759708_2.html,121.0,Income Statement
18759714_2.html,161.0,Income Statement
18759714_3.html,221.0,Income Statement
18759747_1.html,126.0,Income Statement
18759755_2.html,214.0,Income Statement
18759755_7.html,238.0,Income Statement
18761691_1.html,120.0,Income Statement
18761691_4.html,126.0,Income Statement
18776679_3.html,48.0,Income Statement
18776682_2.html,213.0,Income Statement
18776682_30.html,87.0,Income Statement
18776682_31.html,103.0,Income Statement
18779187_3.html,122.0,Income Statement
18779187_9.html,163.0,Income Statement
18779220_1.html,232.0,Income Statement
18779220_3.html,189.0,Income Statement
18779229_1.html,124.0,Income Statement
18779229_3.html,201.0,Income Statement
18779237_1.html,146.0,Income Statement
18794437_1.html,281.0,Income Statement
18803361_1.html,108.0,Income Statement
18807973_1.html,151.0,Income Statement
18808741_1.html,89.0,Income Statement
18821430_1.html,99.0,Income Statement
18821430_5.html,104.0,Income Statement
18821436_1.html,95.0,Income Statement
18825353_1.html,88.0,Income Statement
18825353_6.html,98.0,Income Statement
18825389_1.html,83.0,Income Statement
18825389_5.html,108.0,Income Statement
18825453_2.html,99.0,Income Statement
18828176_1.html,155.0,Income Statement
18836203_1.html,56.0,Income Statement
18836203_12.html,50.0,Income Statement
18836203_17.html,140.0,Income Statement
18836203_20.html,127.0,Income Statement
18836203_5.html,48.0,Income Statement
18836204_1.html,62.0,Income Statement
18836207_1.html,109.0,Income Statement
18836207_2.html,66.0,Income Statement
18836224_2.html,144.0,Income Statement
18836225_1.html,85.0,Income Statement
18836225_3.html,95.0,Income Statement
18837437_1.html,110.0,Income Statement
18837437_4.html,100.0,Income Statement
18837492_2.html,123.0,Income Statement
18837492_4.html,123.0,Income Statement
18837503_1.html,101.0,Income Statement
18837503_3.html,128.0,Income Statement
18841706_10.html,112.0,Income Statement
18841706_3.html,49.0,Income Statement
18849907_2.html,158.0,Income Statement
18849910_2.html,117.0,Income Statement
18849910_5.html,221.0,Income Statement
18849919_1.html,109.0,Income Statement
18849925_1.html,159.0,Income Statement
18849925_5.html,85.0,Income Statement
18849952_1.html,275.0,Income Statement
18853005_4.html,217.0,Income Statement
18853005_9.html,152.0,Income Statement
18853011_2.html,118.0,Income Statement
18853015_1.html,200.0,Income Statement
18853017_1.html,169.0,Income Statement
18853053_1.html,63.0,Income Statement
18853061_1.html,107.0,Income Statement
18853062_2.html,222.0,Income Statement
18853062_6.html,105.0,Income Statement
18853095_10.html,181.0,Income Statement
18853095_6.html,228.0,Income Statement
18856919_1.html,130.0,Income Statement
18865129_2.html,180.0,Income Statement
18868707_2.html,134.0,Income Statement
18870963_2.html,104.0,Income Statement
18880732_3.html,72.0,Income Statement
18880871_2.html,28.0,Income Statement
18880930_1.html,99.0,Income Statement
18880930_4.html,272.0,Income Statement
18880984_2.html,170.0,Income Statement
18880984_5.html,223.0,Income Statement
18881095_1.html,152.0,Income Statement
18882293_1.html,96.0,Income Statement
18889326_1.html,98.0,Income Statement
18889326_4.html,110.0,Income Statement
18889332_3.html,285.0,Income Statement
18889340_1.html,127.0,Income Statement
18889392_1.html,169.0,Income Statement
18889392_3.html,186.0,Income Statement
18889406_1.html,68.0,Income Statement
18889406_2.html,85.0,Income Statement
18889406_7.html,66.0,Income Statement
18889406_8.html,123.0,Income Statement
18889406_9.html,21.0,Income Statement
18889411_1.html,55.0,Income Statement
18889411_2.html,86.0,Income Statement
18889411_3.html,31.0,Income Statement
18889450_2.html,130.0,Income Statement
18889483_1.html,50.0,Income Statement
18889483_4.html,50.0,Income Statement
18889483_7.html,51.0,Income Statement
18889510_1.html,101.0,Income Statement
18889522_1.html,257.0,Income Statement
18889570_5.html,167.0,Income Statement
18902087_1.html,91.0,Income Statement
18914978_6.html,177.0,Income Statement
18917236_3.html,81.0,Income Statement
18917236_5.html,113.0,Income Statement
18917281_3.html,146.0,Income Statement
18924813_1.html,134.0,Income Statement
18926895_3.html,177.0,Income Statement
18929978_1.html,206.0,Income Statement
18932027_2.html,140.0,Income Statement
18932075_2.html,121.0,Income Statement
18932077_1.html,144.0,Income Statement
18932217_4.html,155.0,Income Statement
18932217_5.html,155.0,Income Statement
18932246_1.html,207.0,Income Statement
18932321_1.html,137.0,Income Statement
18944587_2.html,104.0,Income Statement
18944587_5.html,176.0,Income Statement
18944623_2.html,137.0,Income Statement
18944708_1.html,282.0,Income Statement
18944710_1.html,110.0,Income Statement
18944710_5.html,133.0,Income Statement
18949758_1.html,111.0,Income Statement
18949908_2.html,131.0,Income Statement
18949961_1.html,97.0,Income Statement
18949961_4.html,159.0,Income Statement
18950001_1.html,108.0,Income Statement
18950001_3.html,132.0,Income Statement
18950043_1.html,220.0,Income Statement
18950043_2.html,293.0,Income Statement
18950248_1.html,106.0,Income Statement
18950248_7.html,95.0,Income Statement
18950392_1.html,136.0,Income Statement
18950392_7.html,177.0,Income Statement
18950422_1.html,101.0,Income Statement
18950422_4.html,129.0,Income Statement
18950649_1.html,301.0,Income Statement
18950690_1.html,193.0,Income Statement
18950690_5.html,213.0,Income Statement
18950951_1.html,141.0,Income Statement
18964857_1.html,173.0,Income Statement
18964857_10.html,73.0,Income Statement
18964857_9.html,52.0,Income Statement
18964858_1.html,164.0,Income Statement
19213523_1.html,177.0,Income Statement
18320959_2.html,68.0,Others
18362675_2.html,42.0,Others
18362675_3.html,9.0,Others
18380714_1.html,16.0,Others
18391125_3.html,50.0,Others
18391125_4.html,134.0,Others
18442877_10.html,4.0,Others
18442877_11.html,4.0,Others
18442877_12.html,4.0,Others
18442877_13.html,2.0,Others
18442877_17.html,2.0,Others
18442877_9.html,4.0,Others
18445487_3.html,14.0,Others
18448274_2.html,2.0,Others
18448274_4.html,2.0,Others
18448274_6.html,2.0,Others
18448275_10.html,,Others
18448275_11.html,13.0,Others
18448275_2.html,92.0,Others
18448275_4.html,1.0,Others
18448275_5.html,209.0,Others
18448275_6.html,91.0,Others
18448275_8.html,123.0,Others
18456477_3.html,49.0,Others
18456477_4.html,30.0,Others
18460640_1.html,3.0,Others
18460640_11.html,2.0,Others
18460640_4.html,82.0,Others
18460640_6.html,2.0,Others
18460640_9.html,95.0,Others
18460658_10.html,6.0,Others
18460658_101.html,402.0,Others
18460658_102.html,191.0,Others
18460658_103.html,46.0,Others
18460658_105.html,90.0,Others
18460658_11.html,32.0,Others
18460658_12.html,50.0,Others
18460658_13.html,160.0,Others
18460658_14.html,69.0,Others
18460658_15.html,24.0,Others
18460658_16.html,1.0,Others
18460658_17.html,2.0,Others
18460658_22.html,1.0,Others
18460658_23.html,2.0,Others
18460658_24.html,2.0,Others
18460658_25.html,2.0,Others
18460658_26.html,2.0,Others
18460658_27.html,2.0,Others
18460658_28.html,2.0,Others
18460658_29.html,23.0,Others
18460658_3.html,126.0,Others
18460658_30.html,14.0,Others
18460658_31.html,15.0,Others
18460658_32.html,16.0,Others
18460658_33.html,16.0,Others
18460658_34.html,46.0,Others
18460658_35.html,2.0,Others
18460658_36.html,47.0,Others
18460658_37.html,2.0,Others
18460658_38.html,32.0,Others
18460658_39.html,94.0,Others
18460658_4.html,26.0,Others
18460658_41.html,42.0,Others
18460658_42.html,18.0,Others
18460658_43.html,9.0,Others
18460658_44.html,9.0,Others
18460658_45.html,21.0,Others
18460658_46.html,51.0,Others
18460658_47.html,13.0,Others
18460658_48.html,20.0,Others
18460658_49.html,27.0,Others
18460658_5.html,11.0,Others
18460658_50.html,2.0,Others
18460658_51.html,33.0,Others
18460658_52.html,3.0,Others
18460658_58.html,22.0,Others
18460658_59.html,60.0,Others
18460658_60.html,29.0,Others
18460658_61.html,23.0,Others
18460658_62.html,8.0,Others
18460658_63.html,27.0,Others
18460658_64.html,24.0,Others
18460658_65.html,16.0,Others
18460658_66.html,25.0,Others
18460658_67.html,5.0,Others
18460658_68.html,25.0,Others
18460658_75.html,52.0,Others
18460658_76.html,64.0,Others
18460658_77.html,52.0,Others
18460658_8.html,65.0,Others
18460658_82.html,96.0,Others
18460658_83.html,96.0,Others
18460658_84.html,2.0,Others
18460658_85.html,2.0,Others
18460658_87.html,10.0,Others
18460658_88.html,14.0,Others
18460658_89.html,25.0,Others
18460658_9.html,12.0,Others
18460658_90.html,82.0,Others
18460658_91.html,126.0,Others
18460658_92.html,26.0,Others
18460658_93.html,79.0,Others
18460658_94.html,20.0,Others
18460658_95.html,64.0,Others
18460658_96.html,20.0,Others
18460658_97.html,5.0,Others
18460658_98.html,350.0,Others
18460658_99.html,345.0,Others
18470879_1.html,10.0,Others
18470879_3.html,67.0,Others
18470879_4.html,15.0,Others
18475343_12.html,33.0,Others
18475343_13.html,84.0,Others
18475343_14.html,24.0,Others
18475343_15.html,33.0,Others
18475343_16.html,23.0,Others
18475343_17.html,70.0,Others
18475343_19.html,,Others
18475343_4.html,38.0,Others
18475343_5.html,75.0,Others
18475343_6.html,24.0,Others
18475343_7.html,30.0,Others
18475343_8.html,25.0,Others
18475343_9.html,75.0,Others
18475346_2.html,70.0,Others
18475346_6.html,130.0,Others
18475346_7.html,5.0,Others
18475349_1.html,2.0,Others
18475349_2.html,4.0,Others
18475351_10.html,2.0,Others
18475351_11.html,2.0,Others
18475351_12.html,2.0,Others
18475351_4.html,1.0,Others
18475351_5.html,33.0,Others
18475351_6.html,21.0,Others
18475351_7.html,2.0,Others
18475351_8.html,2.0,Others
18475351_9.html,2.0,Others
18492988_10.html,12.0,Others
18492988_11.html,3.0,Others
18492988_2.html,114.0,Others
18492988_4.html,67.0,Others
18492988_7.html,13.0,Others
18492995_1.html,14.0,Others
18492995_3.html,1.0,Others
18492995_4.html,36.0,Others
18492995_7.html,1.0,Others
18492995_9.html,103.0,Others
18506923_3.html,82.0,Others
18506923_5.html,25.0,Others
18506923_6.html,39.0,Others
18506937_1.html,8.0,Others
18506937_4.html,36.0,Others
18512677_6.html,54.0,Others
18512677_7.html,17.0,Others
18526534_1.html,6.0,Others
18526534_2.html,33.0,Others
18526534_4.html,104.0,Others
18526534_5.html,2.0,Others
18526534_6.html,11.0,Others
18526534_9.html,2.0,Others
18537020_1.html,5.0,Others
18537020_13.html,2.0,Others
18537020_2.html,3.0,Others
18537020_3.html,2.0,Others
18537020_4.html,3.0,Others
18537020_5.html,3.0,Others
18537020_9.html,22.0,Others
18540974_5.html,59.0,Others
18540991_3.html,22.0,Others
18540991_4.html,22.0,Others
18540991_5.html,33.0,Others
18540991_6.html,1.0,Others
18540991_8.html,22.0,Others
18540991_9.html,15.0,Others
18541007_3.html,72.0,Others
18541007_4.html,56.0,Others
18543527_10.html,16.0,Others
18543527_11.html,29.0,Others
18543527_2.html,80.0,Others
18543527_3.html,27.0,Others
18543527_4.html,78.0,Others
18543527_6.html,38.0,Others
18543527_7.html,5.0,Others
18543527_8.html,,Others
18543527_9.html,34.0,Others
18551751_2.html,107.0,Others
18551751_3.html,23.0,Others
18551751_6.html,80.0,Others
18563939_10.html,3.0,Others
18563939_12.html,3.0,Others
18563939_15.html,10.0,Others
18563939_17.html,23.0,Others
18563939_18.html,2.0,Others
18563939_20.html,1.0,Others
18563939_21.html,9.0,Others
18563939_22.html,9.0,Others
18563939_23.html,7.0,Others
18563939_26.html,14.0,Others
18563939_27.html,3.0,Others
18563939_28.html,13.0,Others
18563939_29.html,3.0,Others
18563939_3.html,3.0,Others
18563939_30.html,10.0,Others
18563939_31.html,95.0,Others
18563939_32.html,29.0,Others
18563939_33.html,18.0,Others
18563939_34.html,18.0,Others
18563939_35.html,52.0,Others
18563939_37.html,29.0,Others
18563939_38.html,109.0,Others
18563939_41.html,72.0,Others
18563939_42.html,77.0,Others
18563939_43.html,51.0,Others
18563939_44.html,39.0,Others
18563939_45.html,34.0,Others
18563939_46.html,29.0,Others
18563939_48.html,59.0,Others
18563939_49.html,8.0,Others
18563939_5.html,3.0,Others
18563939_50.html,4.0,Others
18563939_51.html,8.0,Others
18563939_52.html,3.0,Others
18563939_53.html,21.0,Others
18563939_54.html,34.0,Others
18563939_55.html,117.0,Others
18563939_56.html,3.0,Others
18563939_57.html,5.0,Others
18563939_58.html,3.0,Others
18563939_6.html,30.0,Others
18563939_60.html,14.0,Others
18563939_61.html,2.0,Others
18563939_62.html,99.0,Others
18563939_63.html,27.0,Others
18563939_64.html,125.0,Others
18563939_7.html,4.0,Others
18563939_8.html,40.0,Others
18563939_9.html,48.0,Others
18567415_3.html,7.0,Others
18567415_4.html,51.0,Others
18567418_3.html,132.0,Others
18567418_5.html,31.0,Others
18567421_3.html,24.0,Others
18567441_3.html,5.0,Others
18582935_1.html,12.0,Others
18582935_4.html,10.0,Others
18582946_2.html,60.0,Others
18582946_3.html,5.0,Others
18582946_5.html,5.0,Others
18582946_6.html,3.0,Others
18582946_7.html,5.0,Others
18582949_10.html,8.0,Others
18582949_4.html,56.0,Others
18582949_5.html,11.0,Others
18582949_6.html,2.0,Others
18582949_7.html,90.0,Others
18582961_2.html,35.0,Others
18582961_4.html,9.0,Others
18582961_8.html,9.0,Others
18583089_4.html,73.0,Others
18586104_1.html,31.0,Others
18586104_5.html,11.0,Others
18586111_1.html,68.0,Others
18586111_11.html,6.0,Others
18586111_19.html,5.0,Others
18586111_21.html,4.0,Others
18586111_22.html,18.0,Others
18586111_26.html,48.0,Others
18586111_27.html,21.0,Others
18586111_3.html,6.0,Others
18586111_4.html,1.0,Others
18586111_5.html,1.0,Others
18586111_7.html,38.0,Others
18586111_8.html,47.0,Others
18586111_9.html,25.0,Others
18586124_1.html,17.0,Others
18586124_3.html,81.0,Others
18586124_5.html,20.0,Others
18589606_1.html,15.0,Others
18589606_10.html,1.0,Others
18589606_11.html,150.0,Others
18589606_12.html,7.0,Others
18589606_13.html,18.0,Others
18589606_4.html,32.0,Others
18589606_8.html,56.0,Others
18589606_9.html,40.0,Others
18599581_10.html,15.0,Others
18599581_2.html,62.0,Others
18599581_4.html,50.0,Others
18599581_7.html,94.0,Others
18599581_9.html,52.0,Others
18599610_3.html,41.0,Others
18599610_5.html,2.0,Others
18599610_6.html,,Others
18600402_1.html,6.0,Others
18600402_5.html,38.0,Others
18600402_6.html,70.0,Others
18600402_8.html,18.0,Others
18601656_3.html,47.0,Others
18601656_5.html,88.0,Others
18601656_6.html,6.0,Others
18601660_1.html,20.0,Others
18601660_3.html,2.0,Others
18601660_7.html,16.0,Others
18601660_9.html,3.0,Others
18617139_5.html,43.0,Others
18617139_7.html,68.0,Others
18617140_3.html,81.0,Others
18617140_6.html,9.0,Others
18619233_1.html,3.0,Others
18619233_2.html,20.0,Others
18619233_4.html,71.0,Others
18619233_6.html,6.0,Others
18619233_7.html,3.0,Others
18628294_1.html,10.0,Others
18628294_3.html,64.0,Others
18628294_6.html,4.0,Others
18628294_7.html,10.0,Others
18628308_10.html,33.0,Others
18628308_11.html,14.0,Others
18628308_12.html,4.0,Others
18628308_13.html,,Others
18628308_16.html,8.0,Others
18628308_4.html,5.0,Others
18628308_5.html,29.0,Others
18628308_6.html,32.0,Others
18628308_7.html,12.0,Others
18628308_8.html,39.0,Others
18628415_1.html,13.0,Others
18628415_10.html,22.0,Others
18628415_15.html,30.0,Others
18628415_2.html,127.0,Others
18628415_3.html,11.0,Others
18628415_8.html,46.0,Others
18628415_9.html,84.0,Others
18631869_2.html,84.0,Others
18646808_10.html,29.0,Others
18646808_11.html,19.0,Others
18646808_12.html,82.0,Others
18646808_2.html,5.0,Others
18646808_3.html,41.0,Others
18646808_4.html,83.0,Others
18646808_7.html,14.0,Others
18646808_8.html,19.0,Others
18646808_9.html,27.0,Others
18646812_10.html,4.0,Others
18646812_11.html,,Others
18646812_12.html,4.0,Others
18646812_3.html,17.0,Others
18646812_6.html,110.0,Others
18646812_7.html,19.0,Others
18646812_8.html,13.0,Others
18646812_9.html,5.0,Others
18646813_2.html,88.0,Others
18646816_10.html,21.0,Others
18646816_11.html,2.0,Others
18646816_13.html,82.0,Others
18646816_14.html,84.0,Others
18646816_15.html,34.0,Others
18646816_17.html,15.0,Others
18646816_18.html,15.0,Others
18646816_19.html,8.0,Others
18646816_20.html,16.0,Others
18646816_21.html,16.0,Others
18646816_22.html,15.0,Others
18646816_23.html,16.0,Others
18646816_24.html,39.0,Others
18646816_25.html,39.0,Others
18646816_26.html,36.0,Others
18646816_3.html,112.0,Others
18646816_4.html,21.0,Others
18646816_5.html,2.0,Others
18646816_8.html,128.0,Others
18646816_9.html,13.0,Others
18646822_10.html,1.0,Others
18646822_12.html,27.0,Others
18646822_13.html,42.0,Others
18646822_14.html,17.0,Others
18646822_15.html,17.0,Others
18646822_17.html,25.0,Others
18646822_18.html,1.0,Others
18646822_19.html,6.0,Others
18646822_2.html,7.0,Others
18646822_4.html,26.0,Others
18646822_6.html,12.0,Others
18646822_8.html,40.0,Others
18646824_1.html,12.0,Others
18646824_10.html,5.0,Others
18646824_11.html,80.0,Others
18646824_12.html,128.0,Others
18646824_13.html,121.0,Others
18646824_2.html,72.0,Others
18646824_3.html,65.0,Others
18646824_6.html,5.0,Others
18646824_7.html,57.0,Others
18646824_8.html,75.0,Others
18646824_9.html,118.0,Others
18646833_10.html,12.0,Others
18646833_11.html,83.0,Others
18646833_12.html,6.0,Others
18646833_13.html,26.0,Others
18646833_14.html,18.0,Others
18646833_16.html,5.0,Others
18646833_17.html,8.0,Others
18646833_18.html,8.0,Others
18646833_19.html,57.0,Others
18646833_21.html,19.0,Others
18646833_22.html,2.0,Others
18646833_24.html,3.0,Others
18646833_27.html,,Others
18646833_29.html,2.0,Others
18646833_3.html,74.0,Others
18646833_30.html,1.0,Others
18646833_31.html,6.0,Others
18646833_32.html,21.0,Others
18646833_33.html,21.0,Others
18646833_34.html,4.0,Others
18646833_35.html,4.0,Others
18646833_36.html,14.0,Others
18646833_37.html,20.0,Others
18646833_38.html,20.0,Others
18646833_39.html,21.0,Others
18646833_40.html,21.0,Others
18646833_5.html,3.0,Others
18646833_6.html,240.0,Others
18646833_7.html,151.0,Others
18646833_8.html,17.0,Others
18646833_9.html,85.0,Others
18648845_2.html,5.0,Others
18648845_3.html,15.0,Others
18648845_6.html,15.0,Others
18666982_10.html,31.0,Others
18666982_13.html,1.0,Others
18666982_14.html,2.0,Others
18666982_15.html,2.0,Others
18666982_2.html,37.0,Others
18666982_3.html,25.0,Others
18666982_9.html,58.0,Others
18666988_1.html,14.0,Others
18666988_10.html,3.0,Others
18666988_3.html,7.0,Others
18666988_5.html,2.0,Others
18666988_8.html,1.0,Others
18666988_9.html,82.0,Others
18666996_10.html,48.0,Others
18666996_11.html,38.0,Others
18666996_12.html,11.0,Others
18666996_4.html,28.0,Others
18666996_5.html,39.0,Others
18666996_6.html,3.0,Others
18666996_7.html,1.0,Others
18666996_8.html,74.0,Others
18666996_9.html,89.0,Others
18667015_2.html,48.0,Others
18667015_3.html,75.0,Others
18667015_5.html,14.0,Others
18667018_3.html,70.0,Others
18667018_4.html,7.0,Others
18667018_5.html,9.0,Others
18667050_3.html,27.0,Others
18667050_6.html,69.0,Others
18667050_7.html,28.0,Others
18667554_10.html,29.0,Others
18667554_11.html,40.0,Others
18667554_4.html,142.0,Others
18667554_5.html,29.0,Others
18667554_6.html,43.0,Others
18671329_1.html,12.0,Others
18671329_2.html,22.0,Others
18671329_5.html,122.0,Others
18676827_1.html,14.0,Others
18676827_10.html,9.0,Others
18676827_11.html,121.0,Others
18676827_13.html,13.0,Others
18676827_14.html,25.0,Others
18676827_3.html,9.0,Others
18676827_4.html,21.0,Others
18676827_5.html,90.0,Others
18676827_8.html,41.0,Others
18676827_9.html,44.0,Others
18679712_2.html,76.0,Others
18679712_4.html,21.0,Others
18679721_10.html,69.0,Others
18679721_2.html,11.0,Others
18679721_5.html,33.0,Others
18679721_6.html,23.0,Others
18679721_7.html,96.0,Others
18679721_9.html,133.0,Others
18679748_10.html,35.0,Others
18679748_11.html,8.0,Others
18679748_12.html,38.0,Others
18679748_13.html,36.0,Others
18679748_14.html,36.0,Others
18679748_15.html,79.0,Others
18679748_16.html,9.0,Others
18679748_2.html,5.0,Others
18679748_6.html,5.0,Others
18679748_9.html,37.0,Others
18683484_2.html,47.0,Others
18683488_1.html,13.0,Others
18683489_2.html,1.0,Others
18683489_3.html,63.0,Others
18695080_1.html,11.0,Others
18695080_4.html,7.0,Others
18695080_5.html,22.0,Others
18708949_1.html,6.0,Others
18708949_3.html,19.0,Others
18708949_4.html,7.0,Others
18720820_3.html,7.0,Others
18721603_3.html,14.0,Others
18722999_1.html,44.0,Others
18722999_3.html,108.0,Others
18723324_2.html,19.0,Others
18723324_3.html,71.0,Others
18723324_7.html,1.0,Others
18723339_1.html,36.0,Others
18723339_3.html,,Others
18723339_5.html,147.0,Others
18723339_8.html,11.0,Others
18723339_9.html,147.0,Others
18723515_2.html,44.0,Others
18732938_5.html,1.0,Others
18732938_6.html,2.0,Others
18733007_3.html,16.0,Others
18733007_4.html,21.0,Others
18733007_7.html,21.0,Others
18733007_8.html,187.0,Others
18733007_9.html,124.0,Others
18756040_3.html,,Others
18756040_4.html,2.0,Others
18756040_5.html,141.0,Others
18756040_6.html,25.0,Others
18756043_1.html,12.0,Others
18756043_3.html,45.0,Others
18756043_5.html,11.0,Others
18756043_6.html,111.0,Others
18756043_7.html,4.0,Others
18756046_2.html,23.0,Others
18756046_4.html,95.0,Others
18756046_5.html,66.0,Others
18756059_2.html,1.0,Others
18756059_5.html,60.0,Others
18756059_6.html,31.0,Others
18756059_7.html,9.0,Others
18756063_5.html,41.0,Others
18756086_1.html,16.0,Others
18756086_3.html,131.0,Others
18756086_5.html,39.0,Others
18756086_7.html,60.0,Others
18756086_8.html,16.0,Others
18759700_1.html,4.0,Others
18759700_10.html,3.0,Others
18759700_11.html,2.0,Others
18759700_12.html,1.0,Others
18759700_2.html,2.0,Others
18759700_3.html,58.0,Others
18759700_6.html,2.0,Others
18759700_7.html,11.0,Others
18759700_8.html,41.0,Others
18759700_9.html,4.0,Others
18759708_1.html,2.0,Others
18759708_3.html,56.0,Others
18759708_5.html,12.0,Others
18759714_1.html,17.0,Others
18759714_4.html,53.0,Others
18759714_7.html,14.0,Others
18759747_2.html,4.0,Others
18759747_4.html,4.0,Others
18759755_1.html,16.0,Others
18759755_10.html,11.0,Others
18759755_4.html,4.0,Others
18759755_5.html,2.0,Others
18759755_6.html,1.0,Others
18759755_9.html,13.0,Others
18761691_3.html,73.0,Others
18761691_6.html,74.0,Others
18761691_7.html,12.0,Others
18761691_8.html,18.0,Others
18761691_9.html,22.0,Others
18776679_1.html,22.0,Others
18776679_2.html,1.0,Others
18776679_5.html,33.0,Others
18776679_6.html,2.0,Others
18776679_7.html,4.0,Others
18776682_1.html,16.0,Others
18776682_15.html,2.0,Others
18776682_27.html,,Others
18776682_28.html,1.0,Others
18776682_33.html,92.0,Others
18776682_34.html,19.0,Others
18776682_35.html,5.0,Others
18776682_36.html,16.0,Others
18776682_37.html,5.0,Others
18776682_38.html,12.0,Others
18776682_4.html,90.0,Others
18776682_5.html,17.0,Others
18776682_6.html,5.0,Others
18776682_7.html,18.0,Others
18776682_8.html,5.0,Others
18776682_9.html,,Others
18779187_1.html,3.0,Others
18779187_10.html,34.0,Others
18779187_12.html,80.0,Others
18779187_13.html,40.0,Others
18779187_2.html,12.0,Others
18779187_4.html,56.0,Others
18779187_5.html,33.0,Others
18779187_7.html,74.0,Others
18779187_8.html,40.0,Others
18779220_2.html,121.0,Others
18779220_4.html,,Others
18779220_5.html,3.0,Others
18779220_6.html,80.0,Others
18779220_7.html,43.0,Others
18779229_5.html,51.0,Others
18779229_6.html,11.0,Others
18779229_7.html,9.0,Others
18779237_3.html,5.0,Others
18794437_10.html,63.0,Others
18794437_11.html,68.0,Others
18794437_3.html,79.0,Others
18794437_5.html,3.0,Others
18794437_6.html,59.0,Others
18794437_9.html,6.0,Others
18807973_2.html,104.0,Others
18808741_2.html,255.0,Others
18821430_2.html,65.0,Others
18821430_3.html,35.0,Others
18821430_6.html,65.0,Others
18821430_7.html,35.0,Others
18821436_3.html,15.0,Others
18821436_4.html,2.0,Others
18821436_5.html,2.0,Others
18825353_2.html,74.0,Others
18825353_4.html,29.0,Others
18825353_5.html,10.0,Others
18825353_7.html,86.0,Others
18825353_9.html,29.0,Others
18825389_2.html,1.0,Others
18825389_4.html,123.0,Others
18825389_6.html,128.0,Others
18825389_8.html,186.0,Others
18825389_9.html,84.0,Others
18825453_1.html,6.0,Others
18825453_3.html,89.0,Others
18828176_3.html,58.0,Others
18828176_4.html,98.0,Others
18836203_10.html,1.0,Others
18836203_11.html,20.0,Others
18836203_13.html,5.0,Others
18836203_14.html,15.0,Others
18836203_15.html,32.0,Others
18836203_16.html,,Others
18836203_18.html,63.0,Others
18836203_2.html,60.0,Others
18836203_21.html,66.0,Others
18836203_4.html,12.0,Others
18836203_6.html,5.0,Others
18836203_7.html,8.0,Others
18836203_8.html,11.0,Others
18836203_9.html,1.0,Others
18836204_2.html,68.0,Others
18836204_4.html,17.0,Others
18836204_5.html,5.0,Others
18836204_6.html,5.0,Others
18836204_7.html,5.0,Others
18836207_4.html,135.0,Others
18836207_5.html,142.0,Others
18836207_6.html,72.0,Others
18836207_7.html,30.0,Others
18836207_8.html,27.0,Others
18836207_9.html,15.0,Others
18836224_1.html,9.0,Others
18836224_10.html,62.0,Others
18836224_11.html,4.0,Others
18836224_12.html,80.0,Others
18836224_8.html,2.0,Others
18836224_9.html,4.0,Others
18837437_6.html,67.0,Others
18837492_1.html,3.0,Others
18837492_6.html,3.0,Others
18837503_4.html,33.0,Others
18837503_5.html,11.0,Others
18841706_1.html,17.0,Others
18841706_11.html,32.0,Others
18841706_12.html,74.0,Others
18841706_14.html,32.0,Others
18841706_15.html,42.0,Others
18841706_16.html,2.0,Others
18841706_2.html,4.0,Others
18841706_4.html,31.0,Others
18841706_5.html,83.0,Others
18841706_7.html,284.0,Others
18841706_8.html,167.0,Others
18841706_9.html,57.0,Others
18849907_1.html,18.0,Others
18849907_3.html,2.0,Others
18849907_5.html,1.0,Others
18849907_6.html,5.0,Others
18849907_7.html,16.0,Others
18849910_1.html,1.0,Others
18849910_3.html,95.0,Others
18849910_6.html,157.0,Others
18849910_8.html,1.0,Others
18849910_9.html,1.0,Others
18849919_3.html,9.0,Others
18849919_4.html,30.0,Others
18849919_5.html,37.0,Others
18849925_4.html,62.0,Others
18849925_6.html,10.0,Others
18849952_2.html,31.0,Others
18849952_3.html,33.0,Others
18849952_4.html,12.0,Others
18853005_1.html,22.0,Others
18853005_10.html,2.0,Others
18853005_11.html,13.0,Others
18853005_2.html,16.0,Others
18853005_3.html,13.0,Others
18853005_5.html,101.0,Others
18853005_6.html,5.0,Others
18853005_7.html,13.0,Others
18853011_1.html,7.0,Others
18853015_10.html,12.0,Others
18853015_11.html,30.0,Others
18853015_3.html,109.0,Others
18853015_4.html,6.0,Others
18853015_5.html,73.0,Others
18853015_6.html,51.0,Others
18853015_9.html,11.0,Others
18853017_3.html,100.0,Others
18853017_4.html,11.0,Others
18853017_5.html,120.0,Others
18853017_6.html,121.0,Others
18853061_4.html,7.0,Others
18853061_5.html,20.0,Others
18853061_6.html,20.0,Others
18853062_1.html,199.0,Others
18853062_4.html,65.0,Others
18853062_5.html,55.0,Others
18853062_8.html,56.0,Others
18853095_1.html,4.0,Others
18853095_12.html,12.0,Others
18853095_13.html,12.0,Others
18853095_14.html,30.0,Others
18853095_2.html,8.0,Others
18853095_3.html,6.0,Others
18853095_4.html,13.0,Others
18853095_7.html,233.0,Others
18853095_9.html,14.0,Others
18865129_1.html,6.0,Others
18865129_4.html,69.0,Others
18865129_5.html,31.0,Others
18868707_1.html,6.0,Others
18868707_4.html,25.0,Others
18868707_5.html,15.0,Others
18868707_6.html,13.0,Others
18868707_7.html,11.0,Others
18868707_8.html,12.0,Others
18870963_1.html,6.0,Others
18880732_1.html,13.0,Others
18880732_2.html,1.0,Others
18880732_4.html,27.0,Others
18880732_6.html,1.0,Others
18880732_7.html,1.0,Others
18880732_8.html,27.0,Others
18880871_1.html,20.0,Others
18880871_4.html,7.0,Others
18880871_5.html,64.0,Others
18880871_6.html,10.0,Others
18880871_7.html,23.0,Others
18880930_10.html,7.0,Others
18880930_2.html,227.0,Others
18880930_3.html,33.0,Others
18880930_5.html,69.0,Others
18880930_6.html,77.0,Others
18880930_7.html,85.0,Others
18880930_8.html,26.0,Others
18880984_1.html,89.0,Others
18880984_3.html,110.0,Others
18880984_6.html,118.0,Others
18880984_8.html,2.0,Others
18880984_9.html,5.0,Others
18881095_3.html,73.0,Others
18882293_2.html,13.0,Others
18882293_4.html,41.0,Others
18882293_5.html,19.0,Others
18889326_3.html,4.0,Others
18889326_6.html,4.0,Others
18889332_1.html,19.0,Others
18889332_2.html,18.0,Others
18889332_5.html,124.0,Others
18889332_6.html,31.0,Others
18889332_7.html,31.0,Others
18889332_8.html,5.0,Others
18889340_2.html,111.0,Others
18889392_5.html,14.0,Others
18889392_6.html,30.0,Others
18889406_13.html,52.0,Others
18889406_14.html,53.0,Others
18889406_15.html,40.0,Others
18889406_16.html,16.0,Others
18889406_17.html,41.0,Others
18889406_5.html,16.0,Others
18889406_6.html,36.0,Others
18889411_4.html,3.0,Others
18889411_5.html,70.0,Others
18889450_1.html,14.0,Others
18889450_3.html,25.0,Others
18889450_4.html,1.0,Others
18889450_6.html,44.0,Others
18889499_2.html,2.0,Others
18889499_3.html,40.0,Others
18889499_4.html,193.0,Others
18889499_6.html,3.0,Others
18889499_7.html,59.0,Others
18889510_2.html,31.0,Others
18889510_3.html,42.0,Others
18889510_4.html,74.0,Others
18889510_6.html,4.0,Others
18889522_2.html,34.0,Others
18889522_4.html,7.0,Others
18889570_1.html,10.0,Others
18889570_2.html,5.0,Others
18889570_3.html,5.0,Others
18889570_4.html,51.0,Others
18889570_6.html,37.0,Others
18902087_3.html,4.0,Others
18902087_4.html,9.0,Others
18902087_7.html,5.0,Others
18914978_11.html,30.0,Others
18914978_12.html,29.0,Others
18914978_2.html,73.0,Others
18914978_3.html,17.0,Others
18914978_4.html,14.0,Others
18914978_7.html,87.0,Others
18914978_8.html,17.0,Others
18914978_9.html,14.0,Others
18917236_1.html,19.0,Others
18917236_2.html,16.0,Others
18917236_7.html,123.0,Others
18917281_1.html,12.0,Others
18917281_10.html,165.0,Others
18917281_11.html,46.0,Others
18917281_2.html,2.0,Others
18917281_5.html,21.0,Others
18917281_6.html,65.0,Others
18917281_7.html,130.0,Others
18917281_8.html,169.0,Others
18917281_9.html,146.0,Others
18917547_1.html,3.0,Others
18917547_3.html,17.0,Others
18917547_5.html,46.0,Others
18917547_6.html,45.0,Others
18924813_2.html,53.0,Others
18924813_4.html,18.0,Others
18926895_1.html,65.0,Others
18926895_2.html,29.0,Others
18926895_4.html,94.0,Others
18926895_7.html,20.0,Others
18926895_8.html,39.0,Others
18926895_9.html,22.0,Others
18929978_10.html,,Others
18929978_100.html,22.0,Others
18929978_101.html,14.0,Others
18929978_102.html,24.0,Others
18929978_104.html,14.0,Others
18929978_105.html,1.0,Others
18929978_107.html,16.0,Others
18929978_108.html,89.0,Others
18929978_109.html,46.0,Others
18929978_11.html,50.0,Others
18929978_110.html,27.0,Others
18929978_111.html,10.0,Others
18929978_112.html,22.0,Others
18929978_113.html,92.0,Others
18929978_114.html,11.0,Others
18929978_115.html,17.0,Others
18929978_116.html,35.0,Others
18929978_117.html,,Others
18929978_118.html,74.0,Others
18929978_119.html,20.0,Others
18929978_12.html,28.0,Others
18929978_120.html,13.0,Others
18929978_121.html,54.0,Others
18929978_122.html,21.0,Others
18929978_123.html,33.0,Others
18929978_124.html,48.0,Others
18929978_125.html,29.0,Others
18929978_126.html,13.0,Others
18929978_127.html,13.0,Others
18929978_128.html,21.0,Others
18929978_129.html,21.0,Others
18929978_13.html,24.0,Others
18929978_130.html,41.0,Others
18929978_131.html,20.0,Others
18929978_132.html,18.0,Others
18929978_133.html,20.0,Others
18929978_134.html,22.0,Others
18929978_135.html,16.0,Others
18929978_136.html,39.0,Others
18929978_137.html,26.0,Others
18929978_138.html,9.0,Others
18929978_139.html,9.0,Others
18929978_14.html,24.0,Others
18929978_140.html,11.0,Others
18929978_141.html,12.0,Others
18929978_142.html,18.0,Others
18929978_143.html,18.0,Others
18929978_144.html,18.0,Others
18929978_145.html,32.0,Others
18929978_146.html,3.0,Others
18929978_148.html,31.0,Others
18929978_149.html,48.0,Others
18929978_150.html,34.0,Others
18929978_151.html,47.0,Others
18929978_152.html,12.0,Others
18929978_153.html,30.0,Others
18929978_154.html,19.0,Others
18929978_155.html,4.0,Others
18929978_156.html,39.0,Others
18929978_157.html,39.0,Others
18929978_158.html,4.0,Others
18929978_159.html,64.0,Others
18929978_16.html,32.0,Others
18929978_17.html,5.0,Others
18929978_18.html,16.0,Others
18929978_19.html,71.0,Others
18929978_20.html,46.0,Others
18929978_21.html,22.0,Others
18929978_22.html,29.0,Others
18929978_24.html,22.0,Others
18929978_27.html,,Others
18929978_3.html,107.0,Others
18929978_31.html,63.0,Others
18929978_32.html,94.0,Others
18929978_33.html,6.0,Others
18929978_34.html,64.0,Others
18929978_35.html,34.0,Others
18929978_36.html,13.0,Others
18929978_37.html,54.0,Others
18929978_38.html,21.0,Others
18929978_39.html,33.0,Others
18929978_4.html,78.0,Others
18929978_40.html,48.0,Others
18929978_41.html,29.0,Others
18929978_42.html,13.0,Others
18929978_43.html,13.0,Others
18929978_44.html,21.0,Others
18929978_45.html,21.0,Others
18929978_46.html,41.0,Others
18929978_47.html,20.0,Others
18929978_48.html,18.0,Others
18929978_49.html,41.0,Others
18929978_5.html,11.0,Others
18929978_50.html,21.0,Others
18929978_51.html,24.0,Others
18929978_52.html,39.0,Others
18929978_53.html,27.0,Others
18929978_54.html,10.0,Others
18929978_55.html,9.0,Others
18929978_56.html,21.0,Others
18929978_57.html,21.0,Others
18929978_58.html,20.0,Others
18929978_59.html,21.0,Others
18929978_6.html,1.0,Others
18929978_60.html,18.0,Others
18929978_61.html,18.0,Others
18929978_62.html,18.0,Others
18929978_64.html,37.0,Others
18929978_68.html,3.0,Others
18929978_69.html,21.0,Others
18929978_7.html,69.0,Others
18929978_70.html,25.0,Others
18929978_71.html,2.0,Others
18929978_72.html,1.0,Others
18929978_74.html,25.0,Others
18929978_75.html,1.0,Others
18929978_78.html,6.0,Others
18929978_79.html,4.0,Others
18929978_8.html,23.0,Others
18929978_80.html,1.0,Others
18929978_81.html,6.0,Others
18929978_82.html,38.0,Others
18929978_83.html,3.0,Others
18929978_85.html,29.0,Others
18929978_86.html,55.0,Others
18929978_87.html,32.0,Others
18929978_88.html,46.0,Others
18929978_89.html,,Others
18929978_9.html,4.0,Others
18929978_90.html,,Others
18929978_92.html,2.0,Others
18929978_93.html,66.0,Others
18929978_94.html,6.0,Others
18929978_97.html,,Others
18929978_98.html,8.0,Others
18929978_99.html,24.0,Others
18931924_1.html,3.0,Others
18931924_3.html,3.0,Others
18931924_4.html,103.0,Others
18931924_5.html,103.0,Others
18931924_7.html,68.0,Others
18931924_8.html,77.0,Others
18931924_9.html,15.0,Others
18932027_1.html,17.0,Others
18932027_3.html,81.0,Others
18932027_5.html,124.0,Others
18932027_6.html,69.0,Others
18932075_1.html,18.0,Others
18932075_3.html,133.0,Others
18932075_5.html,4.0,Others
18932217_1.html,183.0,Others
18932217_3.html,72.0,Others
18932217_6.html,4.0,Others
18932217_8.html,160.0,Others
18932246_3.html,147.0,Others
18932246_4.html,50.0,Others
18932246_5.html,3.0,Others
18932246_6.html,6.0,Others
18932321_3.html,127.0,Others
18932321_4.html,1.0,Others
18944587_1.html,8.0,Others
18944587_3.html,55.0,Others
18944587_6.html,75.0,Others
18944587_7.html,3.0,Others
18944587_8.html,73.0,Others
18944623_1.html,21.0,Others
18944623_3.html,65.0,Others
18944623_5.html,21.0,Others
18944710_2.html,88.0,Others
18944710_3.html,66.0,Others
18944710_6.html,99.0,Others
18944710_7.html,63.0,Others
18944710_9.html,6.0,Others
18949758_3.html,49.0,Others
18949758_4.html,48.0,Others
18949908_1.html,33.0,Others
18949908_3.html,65.0,Others
18949908_6.html,142.0,Others
18949961_2.html,13.0,Others
18949961_5.html,13.0,Others
18950043_4.html,145.0,Others
18950248_10.html,94.0,Others
18950248_2.html,69.0,Others
18950248_4.html,50.0,Others
18950248_5.html,76.0,Others
18950248_6.html,11.0,Others
18950248_8.html,69.0,Others
18950392_10.html,10.0,Others
18950392_11.html,5.0,Others
18950392_2.html,81.0,Others
18950392_4.html,10.0,Others
18950392_5.html,5.0,Others
18950392_6.html,159.0,Others
18950392_8.html,95.0,Others
18950422_2.html,53.0,Others
18950422_5.html,57.0,Others
18950422_7.html,2.0,Others
18950422_8.html,116.0,Others
18950422_9.html,156.0,Others
18950649_3.html,86.0,Others
18950649_4.html,83.0,Others
18950690_2.html,81.0,Others
18950690_3.html,28.0,Others
18950690_4.html,,Others
18950690_6.html,81.0,Others
18950690_7.html,28.0,Others
18950690_9.html,20.0,Others
18964857_11.html,64.0,Others
18964857_13.html,44.0,Others
18964857_14.html,44.0,Others
18964857_15.html,2.0,Others
18964857_16.html,12.0,Others
18964857_2.html,33.0,Others
18964857_4.html,22.0,Others
18964857_5.html,261.0,Others
18964857_6.html,252.0,Others
18964857_7.html,293.0,Others
18964857_8.html,56.0,Others
18964858_2.html,154.0,Others
18964858_4.html,14.0,Others
18964858_5.html,36.0,Others
18964858_6.html,6.0,Others
18964858_7.html,5.0,Others
18964858_8.html,59.0,Others
19213523_4.html,22.0,Others
19213523_5.html,83.0,Others
